"","DPR_std","OCR_std","GSR_std","Player","Squad","Comp","Pos","Cluster","Min_Playing_Time","Overall_Rating"
"1",0.238565047916978,0.714769564695261,0.795498741811387,"Mohamed Salah","Liverpool","Premier League","FW",1,3371,0.620629900511407
"2",0.147342770256659,0.407159257528118,1,"Jeremy Doku","Manchester City","Premier League","FW,MF",1,1516,0.61462065511011
"3",0.791500257767847,0.506189180612708,0.41853700150309,"Antonee Robinson","Fulham","Premier League","DF",2,3167,0.589749014283357
"4",0.432773671430891,0.665875032958793,0.582057122248484,"Bryan Mbeumo","Brentford","Premier League","FW",1,3414,0.561626437799317
"5",0.179738837853939,0.537672879308793,0.797682986177105,"Bukayo Saka","Arsenal","Premier League","FW,MF",1,1729,0.560922655172235
"6",0.744772671047807,0.536165567859174,0.299116052976353,"Aaron Wan-Bissaka","West Ham","Premier League","DF",2,3154,0.539715164687609
"7",0.248335036809871,0.372241585223774,0.799847194797821,"Cody Gakpo","Liverpool","Premier League","FW",1,1935,0.539508451086494
"8",0.207368003234161,0.550991195465917,0.698970147956703,"Son Heung-min","Tottenham","Premier League","FW",1,2110,0.525377864396612
"9",0.217398864416035,0.448428695500022,0.738701398364959,"Sávio","Manchester City","Premier League","FW,MF",1,1766,0.521184640405711
"10",0.262478052558244,0.487954403870598,0.687665627506514,"Luis Díaz","Liverpool","Premier League","FW",1,2399,0.519541420793877
"11",0.591926548888392,0.71317474410556,0.260184740568579,"Bruno Fernandes","Manchester Utd","Premier League","MF",2,3018,0.514558217488334
"12",0.467430443424118,0.628295146010536,0.481547406160354,"Antoine Semenyo","Bournemouth","Premier League","FW",1,3203,0.514423224437974
"13",0.65367246294776,0.515772985531118,0.327431824631418,"Milos Kerkez","Bournemouth","Premier League","DF",2,3336,0.507592629150414
"14",0.587581193679037,0.539131544706261,0.356616809585744,"Daniel Muñoz","Crystal Palace","Premier League","DF",2,3228,0.497549325930707
"15",0.966129907663038,0.327959458203825,0.0727861195370196,"Nathan Collins","Brentford","Premier League","DF",2,3420,0.495193503808264
"16",0.259720869052195,0.359248972019893,0.702892935886786,"Alejandro Garnacho","Manchester Utd","Premier League","MF,FW",1,2199,0.493686097006729
"17",0.173301132150962,0.748846602305614,0.538476283600358,"Anthony Elanga","Nott'ham Forest","Premier League","FW,MF",1,2501,0.489836979871323
"18",0.295546678749495,0.43365779820698,0.628668100594424,"Kaoru Mitoma","Brighton","Premier League","FW,MF",1,2603,0.487283822540361
"19",0.269179298747605,0.490294423771492,0.612318718542078,"Amad Diallo","Manchester Utd","Premier League","MF,FW",1,1901,0.486453418169116
"20",0.866410827564061,0.235448216910594,0.225027877311063,"Joško Gvardiol","Manchester City","Premier League","DF",2,3277,0.481265660303558
"21",0.219656723137263,0.362656162146321,0.694149602514256,"Jadon Sancho","Chelsea","Premier League","FW",1,1764,0.479293458549954
"22",0.219824299398698,0.34200205791991,0.697204802453666,"Gabriel Martinelli","Arsenal","Premier League","FW,MF",1,2290,0.475602113412288
"23",0.308721382204816,0.509433661195547,0.550347070568228,"Jacob Murphy","Newcastle Utd","Premier League","FW",1,2360,0.473003611643059
"24",0.25635055603072,0.383411119763036,0.647854216486788,"Yankuba Minteh","Brighton","Premier League","FW,MF",1,1838,0.472851258484034
"25",0.600853256119796,0.482255707376481,0.288767611756408,"Tyrick Mitchell","Crystal Palace","Premier League","DF",2,3092,0.464737010283574
"26",0.381367500083554,0.532717245909582,0.474229090399424,"Alex Iwobi","Fulham","Premier League","FW,MF",1,2981,0.463112225568188
"27",0.650123392426387,0.453997672495767,0.238978598034403,"Pedro Porro","Tottenham","Premier League","DF",2,2610,0.459945740683677
"28",0.325515065353128,0.510158895636916,0.503116310493453,"Dejan Kulusevski","Tottenham","Premier League","MF,FW",1,2389,0.455572980177131
"29",0.323849594624641,0.434493267038413,0.540686407206231,"Dango Ouattara","Bournemouth","Premier League","FW",1,2005,0.453857211396761
"30",0.223295535844046,0.379163379726185,0.62225240669247,"Noni Madueke","Chelsea","Premier League","FW",1,2033,0.45053441963909
"31",0.823951087574669,0.355305436579613,0.077291100934928,"Moisés Caicedo","Chelsea","Premier League","MF,DF",2,3351,0.447963275173548
"32",0.923678949652321,0.231825191464745,0.0565491957442269,"Virgil van Dijk","Liverpool","Premier League","DF",2,3330,0.446851180184715
"33",0.50434427600242,0.520932725067002,0.316595082600923,"Rayan Aït-Nouri","Wolves","Premier League","DF",2,3109,0.446394236571125
"34",0.556734790554138,0.582796058120812,0.198656072857132,"Elliot Anderson","Nott'ham Forest","Premier League","MF",2,2728,0.444693439321558
"35",0.46664263722912,0.633341024159952,0.255404686023205,"Mikkel Damsgaard","Brentford","Premier League","MF,FW",2,2911,0.441738675582889
"36",0.311252227154885,0.277399773158907,0.602717596224184,"Matheus Nunes","Manchester City","Premier League","DF,MF",1,1674,0.440225636695539
"37",0.159704194801445,0.60304186893132,0.515437763655251,"Callum Hudson-Odoi","Nott'ham Forest","Premier League","FW,MF",1,2194,0.438637652325612
"38",0.634816202809232,0.502329866129967,0.142829798054497,"Christian Nørgaard","Brentford","Premier League","MF",2,2819,0.435065034711556
"39",0.591059319071289,0.359486670055754,0.305532318566607,"Diogo Dalot","Manchester Utd","Premier League","DF",2,2814,0.433026727621615
"40",0.315254036343483,0.566388888202751,0.429504970621454,"Jarrod Bowen","West Ham","Premier League","FW,MF",1,2973,0.432106376741715
"41",0.186302790994471,0.405243750634326,0.591065237043532,"Pedro Neto","Chelsea","Premier League","FW",1,2269,0.432094545374916
"42",0.540864840249067,0.569481695760877,0.188831209399039,"Bruno Guimarães","Newcastle Utd","Premier League","MF",2,3271,0.431530382260259
"43",0.297313410533206,0.629578753507897,0.404725715718824,"Matheus Cunha","Wolves","Premier League","MF,FW",1,2597,0.431283007269679
"44",0.854286808799928,0.281209084015382,0.0486928520117817,"Murillo","Nott'ham Forest","Premier League","DF",2,3188,0.430264103609793
"45",0.314982511511915,0.435222747084493,0.490106662719581,"Leandro Trossard","Arsenal","Premier League","FW",1,2546,0.427723739314987
"46",0.12238964068917,0.377818525165644,0.632128974632824,"Harvey Barnes","Newcastle Utd","Premier League","FW",1,1755,0.426839728226255
"47",0.275711769138057,0.741558536184818,0.344897936791185,"Eberechi Eze","Crystal Palace","Premier League","MF,FW",1,2588,0.425147026684774
"48",0.279560238054798,0.60771628090537,0.412301687390457,"Ismaila Sarr","Crystal Palace","Premier League","MF",1,2711,0.424445260853088
"49",0.0993844536328597,0.284553148342926,0.689680581332919,"Simon Adingra","Brighton","Premier League","FW,MF",1,1097,0.424209999132139
"50",0.883714018889293,0.236689620791569,0.0258617843280742,"Max Kilman","West Ham","Premier League","DF",2,3348,0.42217580861744
"51",0.472063630406186,0.533786863510229,0.270103846127305,"Enzo Fernández","Chelsea","Premier League","MF",2,2947,0.421671622646542
"52",0.290901906108313,0.677917672916911,0.358417309344414,"Cole Palmer","Chelsea","Premier League","MF,FW",1,3191,0.419783259246914
"53",0.273185171795398,0.516447548946466,0.450258760316027,"Mohammed Kudus","West Ham","Premier League","FW,MF",1,2590,0.417692134987383
"54",0.536640858444492,0.457093157420697,0.243607892363011,"Nélson Semedo","Wolves","Premier League","DF",2,2886,0.417493215577076
"55",0.209716144744906,0.567096328355754,0.460108170478191,"Justin Kluivert","Bournemouth","Premier League","MF",1,2340,0.417415384889854
"56",0.703890094043307,0.218233173844791,0.240045230327992,"Valentino Livramento","Newcastle Utd","Premier League","DF",2,2840,0.417366356436434
"57",0.727921252472213,0.448102893797627,0.0229720187215544,"Dara O'Shea","Ipswich Town","Premier League","DF",2,3122,0.41721100245749
"58",0.7485108482895,0.300746265115005,0.11124032776759,"Ryan Gravenberch","Liverpool","Premier League","MF",2,3160,0.414601681692039
"59",0.518065275897179,0.49408126481487,0.218888968800015,"Neco Williams","Nott'ham Forest","Premier League","DF",2,2594,0.411998517758122
"60",0.102527815142697,0.602278777353094,0.488455564694438,"Omar Marmoush","Manchester City","Premier League","FW,MF",1,1175,0.409846476074522
"61",0.222077225208354,0.487309242218553,0.479068715711977,"Anthony Gordon","Newcastle Utd","Premier League","FW,MF",1,2434,0.409783862850622
"62",0.541979198201174,0.432152140781482,0.220886144464866,"Alexis Mac Allister","Liverpool","Premier League","MF",2,2599,0.405253509562735
"63",0.54140293783659,0.439999636106458,0.21276029278941,"Declan Rice","Arsenal","Premier League","MF",2,2825,0.404458449296988
"64",0.758330071862772,0.300384495533505,0.0668934519558138,"Dean Huijsen","Bournemouth","Premier League","DF",2,2427,0.403628111434139
"65",0.140565962226279,0.509421944910413,0.499955480903128,"Alexander Isak","Newcastle Utd","Premier League","FW",1,2756,0.402548248908201
"66",0.442411561665901,0.329796900492922,0.417236529792129,"Bernardo Silva","Manchester City","Premier League","MF,FW",1,2670,0.402301674428263
"67",0.657807538187162,0.196513954334619,0.265004207140728,"Marc Cucurella","Chelsea","Premier League","DF",2,2988,0.40155170599153
"68",0.267778539613964,0.739123429549816,0.299683246234766,"Morgan Gibbs-White","Nott'ham Forest","Premier League","MF",1,2803,0.401009625088272
"69",0.0672442779536983,0.602278777353094,0.488455564694438,"Omar Marmoush","Manchester City","Premier League","FW",1,1448,0.400050361760242
"70",0.151477907673236,0.472475013918805,0.504019631024704,"Adama Traoré","Fulham","Premier League","FW,MF",1,1772,0.398230579140224
"71",0.0542493999504762,0.54659279809575,0.511138058494172,"Gonçalo Guedes","Wolves","Premier League","MF,FW",1,995,0.393177435281094
"72",0.664396461189057,0.368410567755683,0.0901131332935111,"Marc Guéhi","Crystal Palace","Premier League","DF",2,3059,0.392758799193799
"73",0.566841143809856,0.372835965418089,0.198552673495607,"James Justin","Leicester City","Premier League","DF",2,2912,0.391499330489133
"74",0.594281048982157,0.389323860716183,0.152253154570701,"Ola Aina","Nott'ham Forest","Premier League","DF",2,2995,0.3914243775065
"75",0.276902707033197,0.580395056981763,0.35326192279897,"Morgan Rogers","Aston Villa","Premier League","FW,MF",1,3114,0.38901249500964
"76",0.472795395524643,0.374628318889914,0.30125906638201,"Keane Lewis-Potter","Brentford","Premier League","DF,FW",2,3093,0.389002249886499
"77",0.762934936162472,0.278151838926004,0.0350945480617559,"Maxence Lacroix","Crystal Palace","Premier League","DF",2,3116,0.388815817767204
"78",0.79635358735303,0.251665074450742,0.0161445380756649,"Illia Zabarnyi","Bournemouth","Premier League","DF",2,3109,0.388504365579122
"79",0.224574126057093,0.285815768146558,0.537869274062449,"Ian Maatsen","Aston Villa","Premier League","DF",1,1139,0.387686654471302
"80",0.519007232706022,0.379775182634495,0.235543731385881,"Trent Alexander-Arnold","Liverpool","Premier League","DF",2,2365,0.386796929735875
"81",0.577898513243862,0.425295083466064,0.12719993725278,"Lewis Cook","Bournemouth","Premier League","MF,DF",2,2978,0.386408096353512
"82",0.172261896390627,0.410444135664189,0.496603636634812,"Kevin De Bruyne","Manchester City","Premier League","MF,FW",1,1702,0.384949990456125
"83",0.528695084606674,0.421938899365411,0.178995952267644,"Ryan Christie","Bournemouth","Premier League","MF",2,2117,0.383287857000091
"84",0.174864697053288,0.323206811956548,0.535626585064709,"Brennan Johnson","Tottenham","Premier League","FW",1,2177,0.38220299587089
"85",0.102972449461019,0.223603865596375,0.625329650260244,"David Brooks","Bournemouth","Premier League","FW,MF",1,960,0.379574541168203
"86",0.453473498821507,0.343752044677277,0.319136086859205,"Lucas Digne","Aston Villa","Premier League","DF",2,2351,0.37891152378295
"87",0.48943661440366,0.342204271210982,0.269272018779646,"Kyle Walker-Peters","Southampton","Premier League","DF",2,2918,0.376108585323656
"88",0.229344272463172,0.51943003495419,0.386044804156395,"Marcus Tavernier","Bournemouth","Premier League","FW,MF",1,1939,0.375983258346744
"89",0.0401010281766629,0.190681482565484,0.671978536218841,"Marcus Rashford","Manchester Utd","Premier League","FW,MF",1,978,0.375864682036266
"90",0.222993517711341,0.374348022719907,0.465540999450023,"Kevin Schade","Brentford","Premier League","FW",1,2293,0.375334610956012
"91",0.0965588388176362,0.53809270393294,0.452477496771015,"Dwight McNeil","Everton","Premier League","MF,FW",1,1371,0.375127304811945
"92",0.403420562447173,0.460809146608343,0.3127353142056,"Dominik Szoboszlai","Liverpool","Premier League","MF",1,2491,0.375040899616103
"93",0.480493165842405,0.404131182154011,0.225216778165923,"Mateus Fernandes","Southampton","Premier League","MF",2,2909,0.374774586910318
"94",0.802034546332556,0.169460087745038,0.0346485015162216,"Joachim Andersen","Fulham","Premier League","DF",2,2583,0.374528472006215
"95",0.473380091653583,0.429458170305561,0.21019971831983,"Wilfred Ndidi","Leicester City","Premier League","MF",2,2324,0.373862207360089
"96",0.126138887156137,0.254673384150505,0.577444424354513,"Harry Wilson","Fulham","Premier League","FW,MF",1,1162,0.371213047523234
"97",0.107793154586687,0.259785723354107,0.583162989789371,"Leon Bailey","Aston Villa","Premier League","FW,MF",1,1139,0.370098401989271
"98",0.747868531737799,0.197486590964789,0.0593656111162057,"Dan Burn","Newcastle Utd","Premier League","DF",2,3330,0.36898081927357
"99",0.46089033840487,0.340045266909381,0.281122947105723,"Joelinton","Newcastle Utd","Premier League","MF,FW",2,2393,0.3681855517572
"100",0.511749924863197,0.267893315996494,0.277648564730926,"Pervis Estupiñán","Brighton","Premier League","DF",2,2402,0.367483241511566
"101",0.19041117016985,0.300528424834971,0.505824037921364,"Stephy Mavididi","Leicester City","Premier League","FW",1,1615,0.366777440105385
"102",0.624367481234782,0.31631983300619,0.101810479698025,"Carlos Baleba","Brighton","Premier League","MF",2,2661,0.366656253511096
"103",0.088017128310363,0.425121238514302,0.498678394507122,"Darwin Núñez","Liverpool","Premier League","FW",1,1133,0.366218900145557
"104",0.45352812070919,0.532614193456576,0.12480624551015,"Youri Tielemans","Aston Villa","Premier League","MF",2,3026,0.365687722930026
"105",0.692648422240827,0.280023918708927,0.0469500815716937,"James Tarkowski","Everton","Premier League","DF",2,2922,0.365500630028024
"106",0.766219184385052,0.115995880250182,0.0910798269999293,"Jan Bednarek","Southampton","Premier League","DF",2,2531,0.364600120167561
"107",0.36052511538247,0.494708921261802,0.259584061284714,"Leif Davis","Ipswich Town","Premier League","DF",2,2743,0.36346704497452
"108",0.639280483912008,0.25060847783373,0.126258846403669,"Noussair Mazraoui","Manchester Utd","Premier League","DF",2,2838,0.362795235860653
"109",0.681740364923928,0.278009490506096,0.052965542354815,"Jan Paul van Hecke","Brighton","Premier League","DF",2,2958,0.362644058052854
"110",0.10266192191055,0.530928273848833,0.416284548017503,"Ollie Watkins","Aston Villa","Premier League","FW",1,2598,0.357955973538143
"111",0.20113824493473,0.498692302343475,0.37518282338269,"Martin Ødegaard","Arsenal","Premier League","MF",1,2325,0.357829652626677
"112",0.0755486214095674,0.26522249744929,0.565341549548386,"Christopher Nkunku","Chelsea","Premier League","FW",1,921,0.354104257469372
"113",0.212321837798456,0.48826806550712,0.362222101891578,"Omari Hutchinson","Ipswich Town","Premier League","MF,FW",1,2583,0.352208347152032
"114",0.698425143628797,0.169840226575606,0.0878931310767718,"Fabian Schär","Newcastle Utd","Premier League","DF",2,2934,0.351412222464968
"115",0.352801263222967,0.367536367226241,0.341702956350791,"Iliman Ndiaye","Everton","Premier League","FW",1,2430,0.351261708366617
"116",0.207907076478027,0.485713145767144,0.363085702723228,"Yoane Wissa","Brentford","Premier League","FW",1,2919,0.350749311212897
"117",0.490868369746202,0.362606714463433,0.172352395394514,"Vitaliy Mykolenko","Everton","Premier League","DF",2,3082,0.349982069720623
"118",0.208231119411206,0.426332632821871,0.391625598937704,"James Maddison","Tottenham","Premier League","MF",1,1809,0.34941036739977
"119",0.134792704308785,0.438050691521041,0.427652670188626,"João Pedro","Brighton","Premier League","FW,MF",1,1948,0.348950267036866
"120",0.668941923231365,0.216362933616749,0.0750578678683377,"Taylor Harwood-Bellis","Southampton","Premier League","DF",2,2825,0.348157236252136
"121",0.500783530442995,0.344074610033592,0.161898841166586,"Sandro Tonali","Newcastle Utd","Premier League","MF",2,2630,0.345376868462185
"122",0.688804325891283,0.195262044317855,0.0572272834971657,"Levi Colwill","Chelsea","Premier League","DF",2,3149,0.344328416211368
"123",0.472520872517875,0.246796757172861,0.266774335887774,"Djed Spence","Tottenham","Premier League","DF",2,1792,0.34262383594895
"124",0.278233161872318,0.287980220539855,0.407161630453668,"Mikel Merino","Arsenal","Premier League","MF,FW",1,1586,0.341482635914866
"125",0.0949790513825256,0.354776684976433,0.475668228402446,"Diogo Jota","Liverpool","Premier League","FW",1,1196,0.339661644747256
"126",0.463530735516396,0.337920593953687,0.186232024199791,"Lewis Hall","Newcastle Utd","Premier League","DF",2,2189,0.337079480604199
"127",0.605875602453019,0.267448464938326,0.0737852083979582,"Toti Gomes","Wolves","Premier League","DF",2,2614,0.33672303904331
"128",0.521938202798812,0.2951646691657,0.14945946638617,"Thomas Partey","Arsenal","Premier League","MF,DF",2,2797,0.336282485252281
"129",0.476880206732231,0.461289531507091,0.0640228310540457,"Idrissa Gana Gueye","Everton","Premier League","MF",2,3063,0.33527564963445
"130",0.0340329578681478,0.309594980565707,0.525597104962939,"Eddie Nketiah","Crystal Palace","Premier League","FW,MF",1,1034,0.334959370380274
"131",0.201945380783937,0.395557588264272,0.38025443576806,"Emile Smith Rowe","Fulham","Premier League","MF",1,2043,0.334585828204402
"132",0.501729189971799,0.302831501117998,0.158863468180416,"João Gomes","Wolves","Premier League","MF",2,2974,0.333513935932745
"133",0.720017249314762,0.100135854669376,0.062472961191119,"William Saliba","Arsenal","Premier League","DF",2,3039,0.332511470106866
"134",0.129274312797768,0.439572375594238,0.389776060180729,"Nicolas Jackson","Chelsea","Premier League","FW",1,2220,0.329936239721221
"135",0.172360455144874,0.286852254862748,0.443845127388166,"Phil Foden","Manchester City","Premier League","MF,FW",1,1777,0.329106082367876
"136",0.136357853341502,0.505652727508486,0.34415206410976,"Jørgen Strand Larsen","Wolves","Premier League","FW",1,2587,0.326954489374186
"137",0.376086359520812,0.343051556139765,0.251955936851265,"İlkay Gündoğan","Manchester City","Premier League","MF",2,2223,0.325794959127267
"138",0.0700374885242948,0.180719119861023,0.551927529203493,"Mathys Tel","Tottenham","Premier League","FW",1,911,0.325059583088976
"139",0.0412825703763267,0.432670041186639,0.43407954843015,"Rodrigo Muniz","Fulham","Premier League","FW",1,964,0.324670055660517
"140",0.692302477027837,0.10655848793884,0.0664648089882384,"Calvin Bassey","Fulham","Premier League","DF",2,3074,0.324638159156726
"141",0.459175982632534,0.216986145299957,0.250187972547213,"Malo Gusto","Chelsea","Premier League","DF",2,1862,0.323718401176591
"142",0.183451321252458,0.353012941457173,0.38894157900375,"Jacob Ramsey","Aston Villa","Premier League","FW,MF",1,1623,0.322880626116743
"143",0.578191626038415,0.285844894882879,0.0492456040434418,"Jarrad Branthwaite","Everton","Premier League","DF",2,2511,0.322628622287338
"144",0.359513392849325,0.347012413454522,0.255198324393047,"Jurriën Timber","Arsenal","Premier League","DF",2,2417,0.321404154057948
"145",0.152745165537816,0.613175674663417,0.263277775745907,"Jack Clarke","Ipswich Town","Premier League","FW,MF",1,1181,0.320322256945339
"146",0.0993206430871028,0.356128487310993,0.428143069745545,"Joe Willock","Newcastle Utd","Premier League","MF,FW",1,1086,0.318792076629608
"147",0.19039886949436,0.26814915885919,0.40869553778651,"Kai Havertz","Arsenal","Premier League","FW,MF",1,1875,0.31284736221244
"148",0.494789573607511,0.301408912927672,0.104844394771089,"Jefferson Lerma","Crystal Palace","Premier League","MF,DF",2,2274,0.31241241302151
"149",0.36378900908932,0.334001450743822,0.225282127946271,"Pape Matar Sarr","Tottenham","Premier League","MF",2,1913,0.309598378304928
"150",0.138763815246942,0.300614497910466,0.414799730545169,"Jesper Lindstrøm","Everton","Premier League","FW",1,1239,0.309530585463423
"151",0.154878907892142,0.450814762657414,0.322552549231617,"Jean-Ricner Bellegarde","Wolves","Premier League","MF,FW",1,1677,0.308159895794681
"152",0.402939581333321,0.272744501515567,0.223366541914441,"Andrew Robertson","Liverpool","Premier League","DF",2,2482,0.307754320295358
"153",0.2237276301711,0.362641863384629,0.327962657539005,"Raúl Jiménez","Fulham","Premier League","FW",1,2494,0.307718263154505
"154",0.0745883201797594,0.323579993534817,0.434478347348837,"Dominic Calvert-Lewin","Everton","Premier League","FW",1,1609,0.306752108907171
"155",0.405337039863639,0.208261001054673,0.267473492532055,"Destiny Udogie","Tottenham","Premier League","DF",2,1924,0.305823374029309
"156",0.415867408572033,0.219537745687982,0.243706127618029,"Rico Lewis","Manchester City","Premier League","DF,MF",2,1893,0.305145804629739
"157",0.383297441471421,0.368840396706945,0.159790253103998,"Kenny Tete","Fulham","Premier League","DF",2,1774,0.30499965832849
"158",0.383284784251618,0.320742123947847,0.1979270971091,"Lucas Paquetá","West Ham","Premier League","MF,FW",2,2380,0.304590383297942
"159",0.146234035698698,0.428394425264193,0.324937173395588,"Jean-Philippe Mateta","Crystal Palace","Premier League","FW",1,2648,0.301262743905521
"160",0.257379855027151,0.310709557985893,0.321508861536215,"Curtis Jones","Liverpool","Premier League","MF,DF",1,1712,0.300996299981234
"161",0.293642227435767,0.433376045089977,0.232157044821857,"Abdoulaye Doucouré","Everton","Premier League","MF",1,2564,0.299681048019803
"162",0.120781361083265,0.480345114378896,0.307642214045525,"Liam Delap","Ipswich Town","Premier League","FW",1,2593,0.299065400218584
"163",0.46646293115195,0.210938232182616,0.169482583714708,"Matt Doherty","Wolves","Premier League","DF",2,2109,0.298099814411036
"164",0.171197687694701,0.410374298593287,0.313113184143704,"Georginio Rutter","Brighton","Premier League","MF,FW",1,1656,0.298098860417255
"165",0.102527815142697,0.15225470636284,0.488455564694438,"Omar Marmoush","Manchester City","Premier League","FW,MF",1,1175,0.297008296905403
"166",0.0242804114612786,0.399885849032545,0.402437341236119,"Adam Armstrong","Southampton","Premier League","FW,MF",1,1248,0.296806169450866
"167",0.639099465150048,0.136927099045585,0.0200234725643093,"Wout Faes","Leicester City","Premier League","DF",2,2815,0.296433577688594
"168",0.352127743015138,0.197789982813219,0.30839049657735,"Matty Cash","Aston Villa","Premier League","DF",2,2070,0.295564239664168
"169",0.189398557377787,0.306057884858939,0.35092299052458,"Facundo Buonanotte","Leicester City","Premier League","FW,MF",1,1523,0.294827987509306
"170",0.216578125197083,0.362815164377421,0.302367567058937,"Mats Wieffer","Brighton","Premier League","DF,MF",1,1015,0.29370551884148
"171",0.183571973086031,0.333539675060817,0.335936086110247,"Jack Harrison","Everton","Premier League","FW",1,2076,0.293032872239817
"172",0.345486945977363,0.236900857123494,0.276123787761155,"Timothy Castagne","Fulham","Premier League","DF",2,1649,0.292851434535663
"173",0.368721441386832,0.45735146968114,0.0669518777834996,"Tyler Adams","Bournemouth","Premier League","MF",2,1965,0.292446205215966
"174",0.566959077373469,0.133097096221094,0.0946875401560652,"Sepp van den Berg","Brentford","Premier League","DF",2,2586,0.291730663121499
"175",0.145890923957897,0.334598178471634,0.354750215318579,"Erling Haaland","Manchester City","Premier League","FW",1,2736,0.291709679440686
"176",0.119376982631209,0.414005421409202,0.325919888737698,"Danny Welbeck","Brighton","Premier League","FW",1,2115,0.290661755811573
"177",0.23275647246158,0.439583923898459,0.240133376490583,"Andreas Pereira","Fulham","Premier League","MF",1,2013,0.288095105014024
"178",0.420904549645715,0.266778620941554,0.146598166003884,"Victor Bernth Kristiansen","Leicester City","Premier League","DF",2,2482,0.287686670313236
"179",0.139105196753832,0.19016687401515,0.426912947203636,"Riccardo Calafiori","Arsenal","Premier League","DF",1,983,0.287644800200972
"180",0.0672442779536983,0.15225470636284,0.488455564694438,"Omar Marmoush","Manchester City","Premier League","FW",1,1448,0.287212182591123
"181",0.333975149346041,0.229058718375295,0.278345824767936,"Emerson Palmieri","West Ham","Premier League","DF",2,2113,0.286907890941634
"182",0.117613170027382,0.490587247888548,0.273888358445578,"Chris Wood","Nott'ham Forest","Premier League","FW",1,2959,0.284834813082706
"183",0.126580981750645,0.276721084616995,0.378371785148119,"Kamaldeen Sulemana","Southampton","Premier League","FW,MF",1,1402,0.282976932884771
"184",0.0698438838516355,0.117377003224511,0.494401611368385,"Sammie Szmodics","Ipswich Town","Premier League","FW,MF",1,992,0.281993054766497
"185",0.36734281463443,0.246263171222826,0.206310642994602,"Tomáš Souček","West Ham","Premier League","MF",2,2567,0.280807520476251
"186",0.208630083883906,0.22225212914284,0.348361984186988,"Yukinari Sugawara","Southampton","Premier League","DF,MF",1,1557,0.277946301846022
"187",0.217073257409584,0.323054614381771,0.289117821712884,"Marshall Munetsi","Wolves","Premier League","MF",1,1692,0.277624629884974
"188",0.0677375716264626,0.268534538321509,0.40579845365701,"Matt O'Riley","Brighton","Premier League","MF",1,938,0.277522004048738
"189",0.176782626333373,0.438400651422674,0.250349001734998,"Bilal El Khannouss","Leicester City","Premier League","MF,FW",1,2182,0.277075760543518
"190",0.335254201952919,0.389554504168506,0.109462477668324,"Ryan Yates","Nott'ham Forest","Premier League","MF",2,1915,0.274912560555349
"191",0.424298352596813,0.178240091897759,0.174961063063934,"Rodrigo Bentancur","Tottenham","Premier League","MF",2,1645,0.274363259324516
"192",0.245648515975173,0.407544751086906,0.216299564510654,"John McGinn","Aston Villa","Premier League","MF,FW",1,2223,0.272400455758097
"193",0.395339510504344,0.207598821257326,0.178660955826846,"Casemiro","Manchester Utd","Premier League","MF",2,1494,0.2721446618612
"194",0.334540784253332,0.250194834097163,0.215803519625305,"Yasin Ayari","Brighton","Premier League","MF",2,1965,0.272076479317953
"195",0.206053001030595,0.204369576803679,0.346069491308163,"Jordan Ayew","Leicester City","Premier League","FW,MF",1,1638,0.271665773621377
"196",0.254209020742038,0.390017837007131,0.216571180839552,"Ashley Young","Everton","Premier League","DF",1,1875,0.270510627795739
"197",0.38381590501047,0.347798733934106,0.072540123497311,"Sam Morsy","Ipswich Town","Premier League","MF",2,2751,0.270448054203691
"198",0.201470151648468,0.378118838661052,0.253015762100324,"Ben Johnson","Ipswich Town","Premier League","DF,FW",1,1354,0.270072756316005
"199",0.471948427256046,0.210806753578765,0.0771655127719652,"Gabriel Magalhães","Arsenal","Premier League","DF",2,2363,0.269516702068059
"200",0.348290083909741,0.347081959424041,0.111478313778277,"Manuel Ugarte Ribeiro","Manchester Utd","Premier League","MF",2,1785,0.269172216502835
"201",0.2495593233166,0.373842306493259,0.206617348267235,"Kieran Trippier","Newcastle Utd","Premier League","DF",2,1309,0.26910289847258
"202",0.64811132128837,0,0.0361301236087952,"Ibrahima Konaté","Liverpool","Premier League","DF",2,2560,0.268080334927509
"203",0.0816856329408942,0.25187896293849,0.386410874289297,"Wes Burns","Ipswich Town","Premier League","FW,DF",1,926,0.268074742873026
"204",0.462976271771344,0.10181143798281,0.166962394695892,"Ethan Pinnock","Brentford","Premier League","DF",2,1913,0.266178734283329
"205",0.623974484609075,0,0.058612819709159,"Nikola Milenković","Nott'ham Forest","Premier League","DF",2,3330,0.266024370941759
"206",0.130802661779257,0.206837099062456,0.367169118051109,"Mads Roerslev","Brentford","Premier League","DF",1,1101,0.261343036364993
"207",0.178101887041629,0.242603592764004,0.320235404478981,"Tyler Dibling","Southampton","Premier League","FW,MF",1,1874,0.261308229961137
"208",0.373039772734467,0.245750746982593,0.140169985543802,"Vitaly Janelt","Brentford","Premier League","MF",2,2254,0.260913341920616
"209",0.342237074233476,0.262573682484494,0.161648530490908,"Nicolás Domínguez","Nott'ham Forest","Premier League","MF,FW",2,1963,0.260469021110736
"210",0.088228552794045,0.181984571169299,0.403402581868022,"Beto","Everton","Premier League","FW",1,1534,0.260379795878857
"211",0.263897277299794,0.371727213947567,0.164586045376289,"Mario Lemina","Wolves","Premier League","MF,DF",2,1364,0.260207755877846
"212",0.137517205161944,0.324023914456505,0.296034062212595,"Dominic Solanke","Tottenham","Premier League","FW",1,2201,0.259041595536198
"213",0.0890775452325915,0.395914819570334,0.284112832447742,"Jamie Vardy","Leicester City","Premier League","FW",1,2823,0.257996291220509
"214",0.247550334707766,0.240182206671597,0.268631153341262,"Ryan Manning","Southampton","Premier League","DF,MF",1,1462,0.255645044258878
"215",0.49629588233942,0.106774418747475,0.0914164873545117,"Ezri Konsa","Aston Villa","Premier League","DF",2,2936,0.255559120973529
"216",0.317737363269714,0.157913228558295,0.250693684688342,"Joe Aribo","Southampton","Premier League","MF,DF",2,2013,0.251926210577527
"217",0.213982433421033,0.217569189976411,0.291785074157337,"Jack Hinshelwood","Brighton","Premier League","MF,DF",1,1842,0.251575214742973
"218",0.442647906554807,0.155055355657767,0.10240909102233,"Jacob Greaves","Ipswich Town","Premier League","DF",2,2205,0.25116329092728
"219",0.127941347405424,0.17701201100563,0.361732094038583,"Joshua Zirkzee","Manchester Utd","Premier League","FW,MF",1,1402,0.250506115100894
"220",0.496127281794157,0.124390703122852,0.0563390114092635,"Konstantinos Mavropanos","West Ham","Premier League","DF",2,2045,0.24861725051712
"221",0.284409383702594,0.409830558233968,0.0678156302612329,"Will Hughes","Crystal Palace","Premier League","MF",2,2108,0.246487565894757
"222",0.366800963642257,0.236526688987902,0.105773892469863,"Emmanuel Agbadou","Wolves","Premier League","DF",2,1410,0.244493793230688
"223",0.332772043540105,0.310110182161177,0.0836648164473809,"Saša Lukić","Fulham","Premier League","MF",2,2344,0.243723532704691
"224",0.0943181035600952,0.323054614381771,0.289117821712884,"Marshall Munetsi","Wolves","Premier League","MF,FW",1,1078,0.243542913153025
"225",0.217073257409584,0.172590570010103,0.289117821712884,"Marshall Munetsi","Wolves","Premier League","MF",1,1692,0.239897561730683
"226",0.361233437163551,0.210057209814553,0.120043721863562,"Lisandro Martínez","Manchester Utd","Premier League","DF",2,1751,0.239836644583398
"227",0.225270518236306,0.367230221892057,0.150133316582191,"Adam Wharton","Crystal Palace","Premier League","MF",2,1318,0.238914231172567
"228",0.45941494013647,0.0658340584612134,0.117305018952663,"Matthijs de Ligt","Manchester Utd","Premier League","DF",2,2123,0.238457040133691
"229",0.448155163522369,0.165004450320747,0.0414084118808035,"Manuel Akanji","Manchester City","Premier League","DF",2,2014,0.235751970037608
"230",0.175070845399511,0.227458888230615,0.275116537959663,"James Bree","Southampton","Premier League","DF",1,1075,0.235390283185246
"231",0.223882055118588,0.265714409371599,0.22248863164956,"Trevoh Chalobah","Crystal Palace","Premier League","DF",2,1060,0.234805507972073
"232",0.459602201419691,0.0986988308814242,0.0722480166088261,"Rúben Dias","Manchester City","Premier League","DF",2,2271,0.232486247724132
"233",0.268477156896448,0.346541492421276,0.0805890340457625,"Jens Cajuste","Ipswich Town","Premier League","MF",2,1959,0.22721505445307
"234",0.367621124254902,0.104427984808542,0.157991814009616,"Cristian Romero","Tottenham","Premier League","DF",2,1416,0.226232934008986
"235",0.384868215117413,0.171411001434936,0.0759775236184399,"Sander Berge","Fulham","Premier League","MF",2,2224,0.22399349913161
"236",0.297704695698433,0.13026058105324,0.209544571537913,"Yehor Yarmoliuk","Brentford","Premier League","MF",2,1450,0.222793736113272
"237",0.183357665058768,0.265714409371599,0.22248863164956,"Trevoh Chalobah","Crystal Palace","Premier League","DF",1,910,0.222462667041945
"238",0.188945299627618,0.453597071225103,0.0697856034347251,"Guido Rodríguez","West Ham","Premier League","MF",2,1149,0.221340032896949
"239",0.205504168591236,0.459077636415492,0.0408743804523445,"Axel Tuanzebe","Ipswich Town","Premier League","DF",2,1710,0.219755079161194
"240",0.255012172894691,0.146959748594014,0.235009587993775,"Jake O'Brien","Everton","Premier League","DF",2,1571,0.218944552310094
"241",0.261025657408149,0.227214642059054,0.160128461124127,"Amadou Onana","Aston Villa","Premier League","MF",2,1617,0.218252831079627
"242",0.188155287766312,0.255848801103175,0.21571911372554,"Daichi Kamada","Crystal Palace","Premier League","MF",1,1564,0.218128339963011
"243",0.299466867546099,0.236526688987902,0.105773892469863,"Emmanuel Agbadou","Wolves","Premier League","DF",2,1260,0.217891048137893
"244",0.205608228324162,0.280725580125338,0.167354090611084,"James Garner","Everton","Premier League","MF,DF",2,1594,0.213328257655325
"245",0.508179265251862,0,0.0360728952402314,"André","Wolves","Premier League","MF",2,2472,0.212776126597456
"246",0.16313537252937,0.121617532990322,0.289403560407218,"Myles Lewis-Skelly","Arsenal","Premier League","DF",1,1369,0.212276136380202
"247",0.22508949272112,0.289303126296013,0.132325159529904,"Harry Winks","Leicester City","Premier League","MF",2,1538,0.211705514191084
"248",0.366800963642257,0.115184957830551,0.105773892469863,"Emmanuel Agbadou","Wolves","Premier League","DF",2,1410,0.211463738027816
"249",0.391158355623489,0.0675491708782403,0.115568384458156,"Harry Maguire","Manchester Utd","Premier League","DF",2,1758,0.2113789073893
"250",0.15947945824865,0.244543119506183,0.221594613850729,"Carlos Soler","West Ham","Premier League","MF,FW",1,1409,0.210103038923372
"251",0.209970201424635,0.177127013487524,0.234150743304845,"Ben White","Arsenal","Premier League","DF",2,1198,0.209075102498266
"252",0.38393593351829,0.0650012720316048,0.114874851342473,"Chris Richards","Crystal Palace","Premier League","DF",2,1922,0.207601131829163
"253",0.343123187723325,0.201229045824897,0.0493405684404682,"Boubakary Soumaré","Leicester City","Premier League","MF",2,2171,0.20675499901316
"254",0.0943181035600952,0.172590570010103,0.289117821712884,"Marshall Munetsi","Wolves","Premier League","MF,FW",1,1078,0.205815844998735
"255",0.0522450143289943,0.13212725656914,0.335052309561166,"Rasmus Højlund","Manchester Utd","Premier League","FW",1,2004,0.205652706203055
"256",0.242475210584271,0.188790591148982,0.171827626301212,"Lucas Bergvall","Tottenham","Premier League","MF",2,1212,0.204356919416319
"257",0.223882055118588,0.265714409371599,0.130273170076785,"Trevoh Chalobah","Chelsea","Premier League","DF",2,1060,0.204124749585244
"258",0.434053259494939,0.0540529597459814,0.0523984556923646,"Lewis Dunk","Brighton","Premier League","DF",2,2083,0.203635215838188
"259",0.314014101311734,0.128164357450441,0.133304401444573,"Flynn Downes","Southampton","Premier League","MF",2,2151,0.203301082046313
"260",0.327709210332112,0.103818790704721,0.130976418267915,"Joël Veltman","Brighton","Premier League","DF",2,1697,0.201310257100434
"261",0.283625352047695,0.244442246685714,0.0651441186725103,"Edson Álvarez","West Ham","Premier League","MF",2,1772,0.200269136838335
"262",0.289508777860588,0,0.255164742741931,"Conor Coady","Leicester City","Premier League","DF",2,1714,0.199275982337772
"263",0.392998325074029,0,0.126510304267519,"Mateo Kovačić","Manchester City","Premier League","MF",2,2198,0.197358960229015
"264",0.223882055118588,0.120477967496027,0.22248863164956,"Trevoh Chalobah","Crystal Palace","Premier League","DF",2,1060,0.195271147889488
"265",0.0545246361425099,0.106385475694237,0.323881854909356,"Cameron Archer","Southampton","Premier League","FW",1,1441,0.194562941523306
"266",0.0347244765083799,0,0.386789436174483,"Paul Onuachu","Southampton","Premier League","FW",1,1050,0.192059342959507
"267",0.190038757860854,0.141123929996537,0.23107793730454,"Kristoffer Ajer","Brentford","Premier League","DF",2,1438,0.190377839816428
"268",0.146693399186822,0.125303965718084,0.24637230867483,"Vladimír Coufal","West Ham","Premier League","DF",1,1067,0.188341029960155
"269",0.183357665058768,0.265714409371599,0.130273170076785,"Trevoh Chalobah","Chelsea","Premier League","DF",2,910,0.188114138597568
"270",0.158405424703903,0.255085797309523,0.166058843071901,"Álex Moreno","Nott'ham Forest","Premier League","DF,MF",2,955,0.187268836461298
"271",0.219224094531954,0.125832665165177,0.19880358491211,"Reece James","Chelsea","Premier League","DF,MF",2,1063,0.187008251165002
"272",0.145912187126676,0,0.310110039158748,"Evanilson","Bournemouth","Premier League","FW",1,2319,0.18676577878503
"273",0.283727965492243,0.0763326882091178,0.161225786738875,"Yves Bissouma","Tottenham","Premier League","MF",2,1408,0.186516171506339
"274",0.31042095359233,0.104704268793988,0.102633141476581,"Boubacar Kamara","Aston Villa","Premier League","MF",2,1726,0.185290930178257
"275",0.299466867546099,0.115184957830551,0.105773892469863,"Emmanuel Agbadou","Wolves","Premier League","DF",2,1260,0.18486099293502
"276",0.19404199719533,0.271482698598855,0.0962469702501125,"Lesley Ugochukwu","Southampton","Premier League","MF",2,1655,0.182584769057226
"277",0.229425132054146,0.133634024287823,0.163436971152997,"Kobbie Mainoo","Manchester Utd","Premier League","MF",2,1651,0.181395388901527
"278",0.329661848049053,0.0884187394069009,0.0782772065710525,"Ben Davies","Tottenham","Premier League","DF",2,1331,0.180356303377241
"279",0.183357665058768,0.120477967496027,0.22248863164956,"Trevoh Chalobah","Crystal Palace","Premier League","DF",2,910,0.179260536901812
"280",0.137824155909479,0.236564123896235,0.17273605342975,"Christian Eriksen","Manchester Utd","Premier League","MF",1,1061,0.179047250004515
"281",0.299797177602282,0.128649396102115,0.0655770446191864,"Pau Torres","Aston Villa","Premier League","DF",2,2020,0.17528282139009
"282",0.263779455084248,0,0.212561755050668,"Caleb Okoli","Leicester City","Premier League","DF",2,1125,0.174936366777756
"283",0.120587068903302,0.166176945387462,0.20261230350993,"Orel Mangala","Everton","Premier League","MF",1,1261,0.170703101173224
"284",0.106225383192599,0.183975100639733,0.200390751541781,"James Ward-Prowse","West Ham","Premier League","MF",1,1039,0.170130668155564
"285",0.377702431708569,0.053944282131875,0.0127873219487767,"Jean-Clair Todibo","West Ham","Premier League","DF",2,1825,0.168163307424389
"286",0.221793838670876,0.0468274105466416,0.203467145916973,"Jakub Kiwior","Arsenal","Premier League","DF",2,1122,0.168069346814788
"287",0.223882055118588,0.120477967496027,0.130273170076785,"Trevoh Chalobah","Chelsea","Premier League","DF",2,1060,0.164590389502659
"288",0.252562841443764,0,0.189292137602429,"Jannik Vestergaard","Leicester City","Premier League","DF",2,1391,0.162762870142977
"289",0.267205951033543,0.145901691828931,0.0302537190599633,"Marcos Senesi","Bournemouth","Premier League","DF",2,1106,0.155350355673831
"290",0.258710350189229,0.0416401952159826,0.124360814380001,"Issa Diop","Fulham","Premier League","DF",2,1339,0.154923285515395
"291",0.335969218199101,0,0.0616531369697327,"Cameron Burgess","Ipswich Town","Premier League","DF",2,1541,0.153249116201489
"292",0.201541731205007,0,0.215376691749445,"Morato","Nott'ham Forest","Premier League","DF",2,907,0.151283675993278
"293",0.283193750781445,0,0.115651804060857,"Santiago Bueno","Wolves","Premier League","DF",2,1687,0.150364029942928
"294",0.21209456131462,0.0296918042998183,0.172131981376785,"Jack Stephens","Southampton","Premier League","DF",2,1389,0.149147431624474
"295",0.183357665058768,0.120477967496027,0.130273170076785,"Trevoh Chalobah","Chelsea","Premier League","DF",2,910,0.148579778514983
"296",0.199815851000199,0.126407528862607,0.100138462533197,"Adam Smith","Bournemouth","Premier League","DF",2,1590,0.146670203939375
"297",0.140206624085882,0.0765684133956757,0.209900576696522,"Kyle Walker","Manchester City","Premier League","DF",2,970,0.14607155236918
"298",0.256106626608502,0.0718921239442453,0.0682049730230552,"Radu Drăgușin","Tottenham","Premier League","DF",2,1252,0.143445915669957
"299",0.306444672593358,0,0.0645319412207706,"Tosin Adarabioyo","Chelsea","Premier League","DF",2,1409,0.142542186763939
"300",0.211723377734903,0.115846873116213,0.0710820428127402,"Kalvin Phillips","Ipswich Town","Premier League","MF",2,1237,0.138832732075839
"301",0.195399680483786,0.117309632158851,0.081695402583009,"Leny Yoro","Manchester Utd","Premier League","DF",2,1165,0.136312786614454
"302",0.227491101352827,0,0.129771349765701,"Micky van de Ven","Tottenham","Premier League","DF",2,1015,0.133054380343937
"303",0.311381590394407,0.0307274798024178,0,"Archie Gray","Tottenham","Premier League","DF,MF",2,1751,0.131386675840829
"304",0.276775636546627,0.0561353244770425,0.0161838808517601,"Wesley Fofana","Chelsea","Premier League","DF",2,1172,0.130015040817917
"305",0.210484068737325,0.104393983889399,0.0420525843878407,"Tyrone Mings","Aston Villa","Premier League","DF",2,1120,0.125567230244838
"306",0.189208235356203,0.103166888373802,0.0673534968076185,"Luke Thomas","Leicester City","Premier League","DF",2,1110,0.125245225354553
"307",0,0,0.265288639636524,"Michael Keane","Everton","Premier League","DF",1,1049,0.1251159853288
"308",0.105234136871129,0.0998080353561217,0.146090997646962,"Oliver Skipp","Leicester City","Premier League","MF",2,1129,0.117350490999851
"309",0.180755285620058,0,0.102702067039208,"Craig Dawson","Wolves","Premier League","DF",2,971,0.105583574981113
"310",0.184742488671825,0.117247559433488,0,"Igor","Brighton","Premier League","DF",2,961,0.104904727025397
"311",0.226793787747068,0,0,"Luke Woolfenden","Ipswich Town","Premier League","DF",2,1187,0.0896030046270877
